Country,Quality of Life Index,Purchasing Power Index,Safety Index,Health Care Index,Cost of Living Index,Property Price to Income Ratio,Traffic Commute Time Index,Pollution Index,Climate Index,Year
Switzerland,222.9,146.5,73.2,66.3,126.0,7.3,25.6,24.1,-,2015
Germany,195.9,111.8,71.5,75.6,76.3,6.6,31.1,28.3,-,2015
Sweden,193.9,110.9,57.9,76.3,82.9,9.2,26.9,15.1,-,2015
United States,192.5,126.1,50.0,67.8,76.5,2.6,36.0,31.4,-,2015
Finland,190.2,101.2,70.5,69.4,89.7,7.0,33.2,14.9,-,2015
Denmark,190.2,105.7,74.3,79.3,100.6,5.0,27.8,31.8,-,2015
Austria,182.6,104.6,73.8,78.4,76.9,9.6,25.9,34.0,-,2015
Australia,180.8,110.4,57.8,71.9,99.3,7.1,36.2,21.6,-,2015
Canada,177.6,105.1,62.5,69.6,81.8,5.5,38.9,27.3,-,2015
New Zealand,175.5,91.0,60.2,72.6,93.7,5.8,28.1,17.6,-,2015
Norway,175.1,96.3,68.8,75.5,118.6,7.7,25.3,23.7,-,2015
Saudi Arabia,169.4,126.2,65.4,59.0,50.4,3.1,26.1,71.0,-,2015
Japan,168.3,98.2,79.8,87.1,80.4,9.2,51.0,38.2,-,2015
Netherlands,166.8,102.0,64.6,67.2,86.0,6.2,35.5,35.0,-,2015
United Kingdom,156.9,98.1,58.0,73.9,92.2,8.6,34.0,34.0,-,2015
United Arab Emirates,153.7,104.6,77.8,55.6,67.2,6.2,29.9,61.3,-,2015
Ireland,148.9,95.7,50.9,49.5,92.1,6.1,32.6,28.0,-,2015
France,139.3,92.6,50.3,82.6,88.4,9.7,28.6,45.9,-,2015
Belgium,136.0,86.2,58.0,77.9,87.2,6.5,26.7,53.8,-,2015
Spain,134.9,76.7,66.1,73.2,65.7,9.6,28.9,46.3,-,2015
Slovenia,134.5,64.2,71.3,53.9,65.1,10.6,18.8,31.4,-,2015
Portugal,129.2,58.2,64.2,65.6,58.2,8.3,28.2,32.6,-,2015
Czech Republic,127.5,68.1,67.1,67.2,48.5,10.6,31.5,42.9,-,2015
Israel,120.4,88.2,69.6,76.4,79.3,10.7,41.2,65.2,-,2015
South Korea,120.0,85.8,82.0,78.1,82.9,11.0,31.3,77.1,-,2015
Lithuania,112.9,46.9,63.3,70.1,52.8,12.9,31.3,29.6,-,2015
Croatia,112.3,50.5,70.7,57.3,58.9,12.5,30.5,32.8,-,2015
Singapore,111.3,75.4,82.4,66.1,93.6,21.4,44.1,40.4,-,2015
South Africa,110.9,101.8,21.6,60.1,45.6,3.1,43.0,65.2,-,2015
Poland,109.7,63.5,67.0,58.0,45.1,10.6,34.7,50.6,-,2015
Italy,101.0,79.4,52.5,65.8,82.7,11.7,35.9,57.7,-,2015
Greece,94.7,51.9,58.6,56.7,68.9,9.7,33.2,44.9,-,2015
Hungary,93.1,46.9,58.2,51.6,48.9,8.6,30.1,46.3,-,2015
Malaysia,85.3,73.5,30.0,69.1,46.0,8.4,39.4,64.7,-,2015
Mexico,85.0,59.5,46.2,67.8,41.3,6.3,36.9,68.8,-,2015
Romania,83.6,40.6,70.3,46.6,42.4,11.8,30.7,50.5,-,2015
Hong Kong,83.0,74.9,80.8,80.6,75.2,30.1,46.2,59.5,-,2015
Turkey,82.5,53.6,63.6,74.0,49.6,6.7,46.3,74.3,-,2015
India,78.6,65.8,53.5,66.9,26.3,10.1,45.2,77.7,-,2015
Argentina,77.0,59.4,37.6,75.2,67.1,11.6,41.4,55.9,-,2015
Bosnia And Herzegovina,73.5,44.7,54.2,52.1,42.3,12.5,21.9,58.5,-,2015
Bulgaria,68.3,39.9,56.5,58.5,43.6,9.4,33.4,64.0,-,2015
Chile,65.5,55.1,55.0,58.5,53.2,10.8,40.8,72.4,-,2015
Serbia,60.3,39.1,56.6,54.1,43.3,17.1,27.8,56.6,-,2015
Colombia,47.7,36.1,43.1,68.9,38.9,14.4,44.5,61.4,-,2015
Thailand,47.4,38.8,62.9,82.5,46.5,20.8,42.4,72.8,-,2015
Philippines,37.0,35.4,56.9,71.7,40.0,18.5,45.5,74.2,-,2015
Brazil,29.8,41.2,31.0,52.2,55.3,16.7,46.3,58.0,-,2015
Russia,28.4,38.9,48.7,51.8,61.9,14.6,47.1,72.8,-,2015
Indonesia,22.7,26.0,52.8,66.1,39.3,18.9,41.6,74.4,-,2015
Pakistan,21.8,33.2,38.8,51.2,30.7,14.3,25.1,83.7,-,2015
Ukraine,20.1,27.9,50.6,44.3,41.3,17.4,40.0,69.9,-,2015
China,16.0,48.6,58.3,58.7,48.9,26.4,37.5,89.4,-,2015
Iran,1.1,30.6,49.1,50.1,44.5,20.8,47.4,82.3,-,2015
Egypt,-7.1,25.8,39.9,54.7,37.2,11.3,56.9,96.6,-,2015
Switzerland,208.5,178.7,74.3,68.9,123.1,8.6,28.7,23.0,70.5,2016
Denmark,206.5,142.1,74.3,81.9,84.9,5.9,25.6,29.9,70.6,2016
New Zealand,201.1,115.5,63.6,72.6,78.2,6.3,31.1,19.0,88.4,2016
Germany,199.7,147.6,67.0,75.8,65.5,7.1,29.1,29.9,63.0,2016
Australia,198.8,147.3,56.9,73.7,78.5,8.4,34.7,22.9,77.3,2016
Austria,192.4,120.5,75.9,77.8,66.6,9.5,26.8,30.8,63.8,2016
Netherlands,192.4,129.3,68.5,70.4,72.1,5.9,35.5,32.8,76.3,2016
Norway,188.9,125.8,69.9,74.2,99.8,7.4,29.5,18.2,56.3,2016
Spain,186.4,105.3,68.2,75.9,56.1,8.1,30.5,46.6,90.8,2016
Sweden,185.8,128.2,56.9,74.3,75.7,11.2,32.0,18.3,61.8,2016
Finland,184.0,132.9,71.9,74.4,75.2,7.7,32.9,17.8,32.6,2016
United States,184.0,139.2,51.1,67.8,74.1,3.4,33.4,34.9,67.6,2016
Portugal,181.2,75.5,64.9,69.0,49.8,8.4,30.6,31.8,91.7,2016
United Kingdom,180.2,120.0,56.9,74.0,81.0,9.3,35.5,35.0,81.6,2016
Canada,177.2,134.8,60.8,68.6,64.8,6.1,37.8,29.5,46.2,2016
Japan,176.1,117.6,80.7,80.4,81.3,20.2,48.4,34.0,79.6,2016
Slovenia,175.9,89.8,73.7,58.5,52.2,9.7,25.0,28.2,62.5,2016
France,173.6,118.5,55.9,82.2,75.3,11.9,32.0,46.3,78.3,2016
Croatia,172.4,67.9,70.5,60.0,48.2,11.9,30.0,30.4,85.6,2016
Ireland,171.9,125.7,51.6,50.4,78.0,8.5,32.3,30.8,73.1,2016
South Korea,170.3,120.6,85.7,79.0,73.2,14.9,30.9,49.7,51.3,2016
Czech Republic,167.4,90.0,67.9,72.3,41.8,10.3,32.5,42.5,63.5,2016
Israel,166.6,115.5,69.4,76.1,75.7,10.6,37.8,61.5,81.9,2016
Greece,165.4,79.3,61.5,59.2,54.4,7.4,29.1,47.2,87.1,2016
Belgium,162.3,106.7,54.8,78.1,75.4,6.6,36.2,56.6,77.0,2016
Italy,159.3,105.7,53.8,67.8,68.8,10.4,36.5,56.6,86.2,2016
Saudi Arabia,159.2,167.9,74.8,65.1,47.6,2.8,38.7,72.2,16.8,2016
South Africa,156.7,126.1,21.6,59.6,34.7,3.3,43.2,63.3,91.4,2016
Poland,153.6,80.8,68.6,60.0,38.5,11.0,34.5,49.9,64.3,2016
Chile,147.3,78.4,58.0,61.1,43.9,9.9,33.8,67.2,85.7,2016
Bosnia And Herzegovina,146.7,60.6,57.5,60.5,34.6,10.9,23.4,57.9,75.3,2016
Romania,146.1,61.9,70.3,51.4,34.8,10.6,33.3,50.5,67.0,2016
United Arab Emirates,144.1,136.4,76.9,58.2,66.1,5.4,33.7,59.5,5.9,2016
Bulgaria,141.6,59.2,58.6,50.9,36.4,8.8,28.7,60.4,77.8,2016
Hungary,140.7,56.3,58.1,52.1,41.3,9.8,31.8,46.7,66.9,2016
Argentina,138.5,74.9,36.7,73.7,64.1,12.2,42.4,58.5,91.7,2016
Serbia,138.3,49.6,56.7,55.9,33.6,16.6,28.4,55.1,83.9,2016
Turkey,137.3,64.1,60.6,73.0,45.1,8.1,48.1,65.7,74.2,2016
Mexico,137.0,76.5,49.2,68.1,35.0,6.2,37.1,64.6,58.8,2016
Lithuania,134.3,61.3,56.8,67.4,45.6,12.9,30.2,30.9,24.4,2016
Colombia,128.5,46.0,51.5,73.2,29.2,16.3,44.2,64.4,84.5,2016
India,109.3,89.6,53.4,66.5,24.1,10.5,46.0,77.0,19.7,2016
Hong Kong,108.3,102.3,79.2,74.3,81.5,37.6,46.4,67.2,39.9,2016
Brazil,101.0,48.7,28.8,51.1,38.9,17.9,46.1,61.2,72.6,2016
China,99.0,77.4,67.9,61.2,48.1,25.0,44.1,85.5,46.6,2016
Iran,96.9,47.7,47.6,49.8,41.1,14.8,48.1,84.2,74.6,2016
Pakistan,94.0,43.3,43.4,61.3,26.7,15.3,36.8,76.6,41.2,2016
Singapore,93.1,110.5,84.2,69.1,83.7,23.2,43.4,38.8,-66.6,2016
Egypt,88.8,40.3,43.5,46.6,36.7,10.8,50.8,96.0,79.7,2016
Russia,88.3,57.4,52.7,54.1,38.5,12.8,49.1,64.5,10.9,2016
Ukraine,85.6,29.7,51.4,49.7,28.6,26.2,40.0,67.8,50.4,2016
Indonesia,72.2,35.5,53.0,62.6,36.3,19.5,41.4,75.1,8.0,2016
Philippines,65.8,42.9,62.4,72.3,34.7,19.2,46.0,73.1,-27.0,2016
Thailand,63.8,40.1,57.4,80.8,40.0,24.4,43.1,71.5,-23.3,2016
Malaysia,63.8,96.3,31.4,66.4,37.5,9.1,39.8,67.5,-71.2,2016
Austria,190.4,95.7,80.8,80.9,71.5,9.7,26.3,21.9,62.1,2017
Germany,189.7,124.9,68.0,76.7,65.5,7.5,30.6,27.1,58.0,2017
Denmark,184.9,98.8,78.9,75.4,83.0,8.2,28.4,26.0,64.2,2017
New Zealand,184.7,89.9,61.2,70.6,80.8,8.1,30.2,20.0,85.4,2017
Spain,183.6,87.9,68.7,76.7,55.0,8.3,32.6,37.5,88.0,2017
Finland,182.9,115.0,75.4,74.8,73.1,7.6,34.9,13.4,35.8,2017
United States,179.7,123.2,51.2,68.2,75.4,3.3,34.6,31.2,67.9,2017
Portugal,178.4,62.7,64.6,70.3,49.2,8.9,30.4,28.9,92.2,2017
Australia,176.5,101.9,57.6,74.2,80.7,9.2,34.7,24.6,72.8,2017
Slovenia,175.5,78.2,75.9,64.4,53.2,8.3,26.5,26.4,60.5,2017
Netherlands,175.2,86.5,70.1,82.5,72.5,8.5,33.9,27.6,61.9,2017
Switzerland,173.5,95.3,77.6,71.0,122.1,14.0,28.3,20.8,69.3,2017
United Kingdom,172.9,96.9,58.8,74.3,69.5,10.0,34.6,34.9,78.9,2017
Sweden,172.7,107.2,53.4,70.6,75.9,11.8,31.6,17.9,59.1,2017
Croatia,170.6,60.7,72.2,65.5,48.0,10.9,28.5,33.3,82.0,2017
Canada,167.2,108.0,60.8,69.2,70.2,6.4,36.2,26.5,44.3,2017
Ireland,166.9,103.5,54.2,53.3,77.0,7.0,35.0,27.2,70.2,2017
Norway,165.9,105.6,54.3,74.2,106.3,7.9,31.3,19.5,49.3,2017
Czech Republic,165.4,76.2,69.8,74.1,41.2,10.7,32.0,41.0,65.3,2017
South Korea,162.5,102.4,74.7,83.2,75.4,12.4,34.2,52.7,61.2,2017
Belgium,160.5,91.0,55.5,78.9,75.4,7.0,36.3,48.9,75.2,2017
France,160.3,87.3,56.3,78.6,74.9,11.6,35.8,40.2,73.9,2017
Israel,157.9,94.5,71.0,74.8,77.7,10.9,36.5,61.7,81.0,2017
Poland,150.2,71.8,68.5,61.5,38.1,10.1,34.6,50.3,62.5,2017
Greece,148.3,58.2,59.7,53.9,55.9,8.3,31.6,52.0,87.3,2017
Japan,147.5,102.5,79.1,78.6,85.3,12.7,46.8,41.0,31.9,2017
Saudi Arabia,146.4,138.1,76.4,60.4,48.4,2.8,36.3,74.2,18.0,2017
South Africa,144.7,99.0,24.3,61.7,43.1,3.6,43.0,63.6,88.7,2017
Romania,143.0,53.4,72.1,53.1,35.6,10.8,32.0,50.9,64.5,2017
Italy,142.5,71.8,55.3,66.3,83.7,12.4,36.4,51.6,82.6,2017
Argentina,139.6,58.4,37.4,73.3,52.6,12.1,37.9,53.3,90.7,2017
United Arab Emirates,139.3,116.8,79.3,60.5,68.0,5.6,35.1,58.5,8.9,2017
Bosnia And Herzegovina,139.1,51.3,59.0,61.5,35.0,11.3,26.6,60.7,73.3,2017
Hungary,138.8,47.5,61.6,53.5,42.8,11.2,33.1,44.0,66.5,2017
Bulgaria,138.2,51.4,59.8,54.0,36.5,9.1,27.9,63.1,77.1,2017
Chile,136.2,61.3,52.5,61.0,50.1,10.7,35.7,67.7,89.4,2017
Serbia,133.4,40.8,61.4,53.9,33.8,17.9,29.9,55.3,82.7,2017
Lithuania,130.3,51.7,60.0,68.7,46.7,14.2,28.0,34.3,25.0,2017
Turkey,129.6,55.6,58.9,71.7,38.6,8.9,47.6,70.5,73.2,2017
Mexico,129.1,60.1,49.7,70.1,29.8,6.9,41.7,66.7,60.7,2017
Colombia,115.4,37.6,48.3,65.8,34.4,19.4,43.8,63.9,81.3,2017
India,101.5,76.7,56.0,69.2,25.1,10.3,46.4,76.5,9.3,2017
Iran,97.2,43.2,49.1,51.6,38.3,13.5,49.7,82.5,71.5,2017
Brazil,96.2,42.4,29.4,51.7,53.1,17.0,46.4,61.2,70.8,2017
Hong Kong,94.5,81.5,79.3,68.0,80.0,36.1,42.2,69.9,29.7,2017
Pakistan,93.4,39.9,45.6,59.0,27.2,12.1,38.7,80.1,42.5,2017
Egypt,91.8,29.4,47.1,43.7,22.4,10.7,48.8,88.9,75.6,2017
China,91.0,67.8,66.1,62.2,44.8,23.3,43.9,89.0,38.7,2017
Ukraine,87.5,26.9,48.7,49.8,26.2,22.9,39.2,67.3,49.9,2017
Singapore,86.5,92.7,83.4,69.9,82.4,21.6,43.4,37.0,-71.5,2017
Russia,85.9,48.3,53.9,56.4,42.0,13.5,48.6,63.0,10.7,2017
Indonesia,62.0,27.6,50.3,64.8,41.1,21.0,49.4,76.4,9.6,2017
Thailand,57.2,34.3,50.2,80.7,43.7,24.4,43.6,73.2,-20.2,2017
Philippines,56.9,36.0,60.2,69.2,34.7,16.9,45.1,70.2,-44.1,2017
Malaysia,51.6,73.3,35.2,66.0,40.2,9.5,39.4,67.1,-79.4,2017
Denmark,197.7,117.5,78.0,77.1,93.3,7.2,28.5,23.6,82.4,2018
Finland,195.3,119.4,76.3,75.4,81.7,7.5,33.2,12.1,58.6,2018
Netherlands,191.3,109.5,71.1,81.1,82.7,6.7,32.7,27.2,86.9,2018
Switzerland,190.8,126.1,78.2,71.7,131.4,10.9,29.3,23.0,79.8,2018
Austria,190.2,98.7,79.6,78.8,81.5,9.6,27.0,22.9,77.7,2018
Germany,190.0,125.0,63.3,75.4,74.3,8.0,31.3,27.3,82.5,2018
Australia,188.7,123.0,57.5,76.2,84.3,7.4,36.3,24.8,92.4,2018
New Zealand,182.4,98.6,60.8,72.0,83.4,8.2,34.5,21.8,96.1,2018
United States,180.6,127.6,50.4,68.4,73.0,3.3,34.7,31.7,78.2,2018
Sweden,176.8,113.0,50.7,70.4,83.7,10.5,30.7,19.1,75.1,2018
Norway,176.3,108.0,56.7,74.7,113.7,8.7,31.0,20.2,71.9,2018
Japan,176.0,107.4,86.9,81.7,86.6,12.6,44.5,41.7,84.8,2018
Slovenia,175.4,80.3,75.3,64.7,59.6,8.4,27.8,26.2,76.3,2018
Spain,174.9,90.7,63.3,77.5,61.8,8.0,31.4,38.1,93.9,2018
Canada,173.9,118.9,60.7,70.6,72.5,6.1,36.1,27.7,52.8,2018
United Kingdom,171.9,108.5,58.8,74.2,75.8,9.3,35.8,37.7,87.9,2018
Portugal,166.7,62.0,65.5,69.5,55.9,10.0,30.3,30.5,97.4,2018
France,166.2,101.2,54.7,78.0,83.9,9.9,35.0,40.4,89.8,2018
Belgium,164.0,98.9,57.8,80.4,83.3,7.1,34.6,48.9,86.1,2018
United Arab Emirates,163.5,124.8,81.3,63.5,67.2,4.9,37.5,55.8,45.4,2018
Ireland,163.5,96.1,56.2,53.0,85.4,7.6,37.5,28.7,89.4,2018
Croatia,162.4,59.8,73.0,63.8,55.1,11.1,29.5,32.7,88.8,2018
Czech Republic,162.0,76.3,71.2,75.4,50.1,12.7,30.3,41.0,77.9,2018
South Korea,155.4,109.4,64.2,83.4,82.9,14.0,37.2,52.9,67.2,2018
Israel,152.2,102.3,63.1,74.1,86.5,13.9,36.7,60.3,93.6,2018
Singapore,150.5,95.9,83.8,69.6,91.4,22.2,46.0,33.9,58.0,2018
Saudi Arabia,149.6,131.5,63.3,60.2,47.9,2.8,34.0,71.7,41.0,2018
Lithuania,149.0,57.3,62.4,66.8,53.2,13.0,28.7,33.1,68.8,2018
Poland,146.6,74.4,63.8,62.1,45.2,9.8,33.6,51.1,75.8,2018
Italy,146.1,81.1,55.5,68.0,79.1,9.9,37.0,53.1,91.4,2018
Romania,144.0,66.2,71.0,54.6,39.7,9.1,33.4,53.0,76.2,2018
South Africa,137.9,99.8,24.3,63.0,48.1,3.5,43.3,62.2,96.0,2018
Greece,137.4,53.8,60.9,54.2,63.2,9.5,32.2,52.8,92.6,2018
Hungary,132.3,50.6,63.5,51.1,48.6,13.3,34.1,46.6,78.5,2018
Argentina,131.8,60.2,38.2,71.3,53.7,10.7,41.6,53.6,98.2,2018
Bulgaria,129.7,54.4,60.3,52.1,41.2,8.6,31.1,63.0,81.6,2018
Bosnia And Herzegovina,129.3,52.4,59.9,55.9,39.3,11.6,27.5,61.6,78.9,2018
Turkey,127.6,53.8,58.9,70.4,41.8,8.9,46.3,69.4,93.2,2018
Mexico,126.4,58.2,48.9,68.6,33.6,7.8,42.0,66.1,82.5,2018
Serbia,123.5,41.8,62.2,53.4,39.6,17.2,28.9,56.6,82.9,2018
Chile,122.7,54.5,53.5,61.9,55.2,13.1,35.1,66.8,90.2,2018
India,122.1,79.3,55.8,67.4,26.9,9.7,46.8,75.9,65.7,2018
Malaysia,116.0,73.0,36.9,65.6,44.7,9.6,37.6,66.5,58.1,2018
Indonesia,112.9,37.5,55.3,66.0,39.7,13.1,42.7,60.7,68.2,2018
Colombia,112.1,38.6,49.3,67.8,35.3,18.1,48.1,62.5,96.7,2018
Hong Kong,110.3,82.9,79.1,63.8,78.7,41.1,41.3,69.4,83.6,2018
Russia,103.3,51.1,54.8,56.8,43.9,11.4,48.3,63.3,44.7,2018
Thailand,101.2,38.6,52.7,80.9,48.9,22.8,39.2,72.9,68.6,2018
Pakistan,100.3,41.1,48.8,57.5,25.1,12.5,41.6,77.5,71.9,2018
Brazil,100.1,41.6,29.4,52.7,51.3,16.3,45.3,59.5,94.2,2018
China,99.4,72.3,60.6,62.9,44.6,28.2,42.5,85.9,78.8,2018
Philippines,99.1,34.0,59.9,68.2,36.0,17.8,44.2,72.5,60.6,2018
Ukraine,96.0,30.2,50.6,50.1,26.0,18.2,38.5,67.2,70.2,2018
Iran,92.4,45.6,50.6,51.2,34.6,12.5,49.5,81.2,69.5,2018
Egypt,84.4,24.7,46.3,44.4,25.7,12.7,46.7,87.6,92.0,2018
Denmark,198.6,114.4,75.8,79.4,81.4,6.9,28.5,22.1,81.8,2019
Switzerland,195.9,129.7,78.5,72.7,121.2,9.6,29.1,22.0,80.0,2019
Finland,194.0,112.3,77.2,73.5,72.8,8.0,30.4,11.9,58.6,2019
Australia,191.1,122.9,57.2,76.4,72.1,7.6,35.3,24.0,93.8,2019
Austria,191.1,96.7,78.6,79.2,71.8,10.1,25.2,22.0,77.7,2019
Netherlands,188.9,102.5,71.4,77.8,74.8,7.4,29.9,27.4,87.5,2019
Germany,187.0,116.2,65.5,74.3,67.6,9.0,29.9,28.0,82.5,2019
New Zealand,185.6,101.1,60.4,73.6,72.6,8.3,31.2,22.7,95.5,2019
Norway,181.9,103.6,64.7,74.1,101.0,8.4,27.1,19.9,71.2,2019
Japan,180.5,103.1,86.3,80.4,83.3,11.2,40.0,37.1,84.8,2019
United States,179.2,122.0,52.9,69.4,69.9,3.6,32.9,33.9,77.5,2019
Sweden,178.7,111.4,50.7,71.0,71.6,10.3,30.3,18.0,74.9,2019
Slovenia,176.0,75.4,77.4,62.8,52.5,10.2,24.8,24.3,78.1,2019
Spain,174.2,83.8,67.5,77.8,54.7,9.2,29.4,39.4,94.2,2019
United Kingdom,170.8,105.7,57.3,74.7,65.3,9.2,34.6,39.4,87.8,2019
Canada,170.3,109.4,60.5,71.0,65.0,7.7,33.8,27.8,52.5,2019
United Arab Emirates,167.8,119.6,83.7,68.0,56.2,4.4,37.5,53.1,45.2,2019
Croatia,165.3,60.3,75.3,64.1,49.2,11.6,29.1,31.0,89.0,2019
Portugal,163.5,55.2,67.9,70.7,50.4,12.7,29.0,31.6,97.5,2019
Belgium,162.1,95.1,57.5,79.4,73.0,7.2,34.9,49.9,86.0,2019
Ireland,160.8,95.1,55.5,48.6,75.3,7.9,35.8,31.1,89.1,2019
Czech Republic,158.8,71.3,73.3,74.7,45.1,15.2,30.0,41.0,77.1,2019
France,157.8,91.6,53.6,78.6,74.9,12.9,35.3,42.7,88.3,2019
Singapore,156.9,103.8,78.5,70.3,69.8,21.6,42.1,32.3,57.5,2019
Lithuania,156.4,60.3,63.5,67.6,45.9,11.1,27.2,30.8,69.9,2019
Israel,153.8,92.5,67.8,73.4,74.3,14.0,36.3,57.3,93.8,2019
Saudi Arabia,152.7,118.6,70.3,59.1,47.6,2.9,29.6,67.3,41.4,2019
South Korea,149.5,103.4,66.0,84.5,76.9,17.6,40.0,54.2,68.4,2019
Poland,148.0,70.0,69.9,62.2,39.1,10.3,32.2,52.4,76.0,2019
Italy,145.7,77.5,55.0,67.1,69.2,10.0,34.7,53.8,91.2,2019
Romania,140.3,61.2,72.2,54.5,36.5,10.2,34.4,55.4,77.6,2019
Greece,137.8,49.6,61.4,55.2,56.7,9.8,32.2,51.9,94.2,2019
South Africa,135.3,83.0,23.2,62.6,42.5,4.1,40.3,56.9,96.0,2019
Hungary,134.5,54.7,64.8,48.2,42.0,12.6,35.2,46.5,78.7,2019
Bulgaria,130.6,52.2,60.0,54.0,37.2,8.7,28.8,64.0,82.8,2019
Turkey,125.5,45.3,59.6,69.4,35.2,9.3,44.8,69.2,93.3,2019
Bosnia And Herzegovina,124.5,49.2,56.2,53.2,35.7,12.3,26.4,63.5,80.5,2019
Chile,124.1,54.1,53.2,65.5,47.7,13.5,36.8,65.5,90.2,2019
Mexico,123.5,50.0,47.7,69.7,32.7,10.2,39.1,66.0,86.3,2019
Argentina,122.5,55.0,37.4,69.4,33.1,19.0,43.0,52.3,98.3,2019
Malaysia,122.1,73.1,39.2,67.6,39.4,9.8,35.3,63.7,60.1,2019
Serbia,119.8,39.9,62.7,52.6,35.4,18.6,29.7,58.9,83.2,2019
India,117.5,66.9,57.3,68.3,24.2,11.3,45.7,75.8,65.7,2019
Colombia,108.4,34.7,48.7,67.5,30.1,18.8,45.1,61.7,86.0,2019
Indonesia,107.2,33.0,54.0,62.0,36.2,13.8,42.9,62.8,69.0,2019
Russia,104.9,45.4,58.1,57.6,35.5,12.4,46.0,62.8,46.5,2019
Pakistan,104.6,38.6,53.3,60.6,20.4,14.1,38.6,75.9,73.0,2019
Thailand,103.3,40.9,53.3,79.1,47.5,21.9,39.4,72.2,69.4,2019
Ukraine,102.3,32.7,51.1,51.0,27.9,14.3,37.4,66.6,70.7,2019
Hong Kong,100.9,69.3,80.7,67.3,78.1,49.4,41.0,66.4,83.6,2019
Brazil,100.3,37.4,29.8,54.6,42.8,18.7,43.4,57.7,95.3,2019
China,97.9,69.0,54.5,64.0,39.2,29.1,42.5,81.9,78.9,2019
Philippines,90.7,29.5,59.2,65.9,35.1,21.8,44.1,74.5,60.2,2019
Iran,87.0,37.7,50.7,51.2,35.8,16.9,48.4,79.3,71.0,2019
Egypt,84.0,23.7,49.3,44.2,26.5,13.6,49.2,86.5,92.0,2019
Denmark,192.7,100.9,74.9,80.0,83.0,7.5,28.8,21.3,81.8,2020
Switzerland,192.0,119.5,78.4,72.4,122.4,8.7,29.1,22.4,79.2,2020
Finland,190.2,99.9,76.7,75.8,70.3,8.3,29.9,11.5,58.9,2020
Australia,186.2,107.3,58.6,77.4,73.5,7.5,34.7,23.5,92.7,2020
Netherlands,183.7,90.7,72.4,74.6,73.7,7.5,29.4,27.4,87.6,2020
Austria,182.5,82.4,76.3,78.7,70.4,10.9,26.3,22.2,77.3,2020
New Zealand,181.0,92.7,59.1,73.8,72.5,8.5,31.1,23.4,95.5,2020
Germany,179.8,102.4,65.2,73.3,65.3,9.4,31.0,29.0,83.0,2020
Sweden,175.9,101.7,52.9,69.2,69.8,9.3,30.5,18.1,74.0,2020
Norway,175.2,88.4,64.6,74.4,101.4,8.8,27.0,20.3,71.4,2020
Slovenia,172.2,66.3,78.9,64.6,53.4,10.5,27.3,24.1,77.6,2020
United States,172.1,109.5,52.8,69.3,71.1,3.5,32.9,36.9,77.5,2020
Spain,169.8,72.0,68.0,78.9,53.8,9.4,29.1,40.0,94.2,2020
Japan,168.0,87.3,79.3,81.1,83.3,13.0,39.2,39.6,84.8,2020
Canada,163.5,95.1,60.3,71.6,67.6,8.0,33.9,27.8,50.6,2020
Portugal,162.9,49.4,70.4,71.9,49.5,12.7,30.0,30.9,97.3,2020
United Kingdom,162.7,91.7,56.3,74.5,67.3,10.1,34.5,40.6,87.6,2020
Lithuania,159.4,57.8,66.9,69.5,44.3,10.9,26.1,28.8,67.8,2020
Croatia,159.0,50.4,75.3,62.7,49.7,13.7,29.1,30.5,89.0,2020
United Arab Emirates,156.7,91.6,84.3,67.0,62.0,5.3,36.8,51.2,45.2,2020
Czech Republic,156.2,62.8,74.5,74.6,46.1,15.4,29.7,40.2,77.1,2020
France,153.9,80.4,53.2,80.0,74.1,13.0,34.8,43.6,90.2,2020
Ireland,153.5,80.9,54.6,51.9,75.9,7.5,37.7,34.0,89.1,2020
Belgium,153.5,86.3,56.0,74.3,71.8,6.9,36.1,52.9,86.0,2020
Saudi Arabia,150.6,100.0,73.8,59.1,48.3,2.8,28.6,65.1,46.0,2020
Israel,149.9,78.1,70.4,73.3,81.2,12.8,35.9,57.2,93.8,2020
Singapore,144.4,89.0,69.4,70.8,81.1,22.3,41.3,33.5,57.5,2020
Poland,141.8,59.6,71.5,61.0,40.0,11.4,31.7,54.5,76.1,2020
Italy,140.8,65.6,55.7,66.6,67.3,9.7,34.4,55.6,92.3,2020
South Korea,139.0,85.2,72.0,82.0,78.2,17.4,39.6,62.5,68.4,2020
Greece,133.1,43.7,59.7,56.2,55.7,10.6,33.8,52.5,94.2,2020
Romania,132.4,48.9,72.4,55.1,35.3,11.3,34.7,58.4,77.6,2020
South Africa,132.0,73.6,22.5,64.1,42.9,3.9,39.4,57.3,95.3,2020
Bulgaria,129.8,49.4,61.5,55.4,36.7,8.5,29.4,65.3,82.8,2020
Hungary,128.2,47.6,64.9,47.8,40.9,14.8,35.8,48.3,79.5,2020
Turkey,127.1,40.8,60.5,69.8,34.7,7.8,44.6,67.4,93.3,2020
Bosnia And Herzegovina,121.9,41.8,57.0,52.3,36.0,12.6,26.7,62.3,80.5,2020
Chile,119.8,42.5,54.8,65.4,43.6,14.9,35.4,65.8,90.2,2020
Mexico,118.5,41.8,46.0,70.1,35.7,10.7,39.4,66.1,86.3,2020
Malaysia,118.4,64.5,41.2,68.1,39.1,9.9,37.0,63.2,57.9,2020
Serbia,116.3,36.7,62.6,51.3,35.7,18.9,30.4,60.3,83.2,2020
Argentina,115.3,47.2,38.2,69.3,33.0,24.5,43.1,50.7,98.3,2020
India,108.6,54.3,56.7,67.1,24.6,11.4,47.0,78.9,64.9,2020
Colombia,105.8,31.1,45.2,67.2,30.7,19.7,47.5,62.8,96.7,2020
Brazil,105.6,32.8,31.1,56.3,40.2,16.4,41.7,55.0,97.2,2020
Pakistan,105.4,30.6,55.9,60.6,22.0,12.0,38.6,74.3,71.9,2020
Ukraine,104.8,31.8,51.1,52.3,33.2,12.2,38.7,65.1,71.4,2020
China,102.8,60.9,68.2,64.5,40.0,29.1,41.8,80.8,79.2,2020
Russia,102.3,38.9,58.9,57.6,39.2,10.8,45.3,62.8,40.4,2020
Thailand,101.9,35.5,59.5,77.9,49.8,22.3,38.2,75.1,69.4,2020
Hong Kong,99.1,65.3,79.3,66.1,77.2,47.5,41.5,67.7,83.6,2020
Indonesia,97.5,25.1,54.2,60.5,37.3,18.9,43.1,66.6,74.1,2020
Egypt,86.5,22.4,53.1,45.8,29.5,13.0,49.8,85.6,92.0,2020
Philippines,85.4,23.5,57.8,67.5,37.6,24.6,44.6,74.3,60.8,2020
Iran,74.1,22.7,50.7,51.7,39.0,25.1,48.0,77.4,71.0,2020
Switzerland,190.8,111.0,78.7,74.5,131.7,8.4,28.7,20.1,80.0,2021
Denmark,190.0,94.7,73.3,80.0,91.7,6.7,28.7,20.4,81.8,2021
Netherlands,183.3,83.9,72.8,75.8,78.6,7.4,27.8,25.3,87.1,2021
Finland,182.8,89.1,73.0,76.4,77.5,8.6,29.0,11.9,56.6,2021
Austria,182.4,78.2,74.8,78.4,75.5,10.4,25.7,19.2,77.8,2021
Australia,181.5,99.3,57.6,77.7,84.1,7.4,35.0,23.5,92.7,2021
Germany,176.8,93.7,64.6,73.8,70.6,9.1,31.4,27.5,83.0,2021
New Zealand,175.8,81.4,57.7,73.6,79.1,8.1,30.7,23.8,96.4,2021
Norway,173.6,79.4,66.6,75.5,106.1,8.5,26.9,18.1,68.7,2021
Sweden,171.4,90.6,52.8,68.8,79.2,8.6,29.9,18.4,74.9,2021
Slovenia,168.2,56.1,78.2,65.3,59.4,10.9,26.8,22.7,77.6,2021
United States,167.0,102.6,52.3,69.0,71.9,4.0,32.9,38.9,77.3,2021
Spain,164.5,62.7,66.9,78.8,59.1,9.6,29.4,39.6,93.2,2021
Japan,162.3,76.5,78.0,80.7,87.8,13.0,39.9,39.4,85.3,2021
Portugal,161.9,45.0,70.1,71.9,52.9,12.7,29.6,29.6,97.7,2021
Lithuania,160.0,54.6,66.2,71.0,47.7,11.0,25.7,27.0,69.9,2021
Canada,160.0,82.8,58.8,71.8,70.1,7.5,33.7,28.1,56.7,2021
United Kingdom,159.0,82.6,54.7,74.9,71.0,9.6,34.4,40.2,88.0,2021
Czech Republic,156.3,56.4,74.7,75.4,49.2,15.5,29.7,36.3,77.1,2021
Croatia,156.1,43.1,75.1,64.2,56.4,14.2,28.1,30.6,89.7,2021
United Arab Emirates,156.0,85.7,84.6,68.0,61.7,4.9,36.3,50.4,45.2,2021
Belgium,150.9,76.5,55.8,75.2,78.5,6.9,36.2,50.3,86.0,2021
Ireland,150.9,73.8,55.0,52.8,83.1,7.4,37.7,33.6,89.1,2021
France,150.7,74.1,50.8,81.0,80.6,13.5,34.5,41.8,89.9,2021
Saudi Arabia,147.4,88.2,74.1,60.7,49.9,2.6,28.4,64.1,46.0,2021
Israel,144.1,70.4,68.8,73.8,86.6,13.7,35.8,58.4,93.8,2021
Singapore,143.8,83.6,67.0,70.9,85.6,19.4,41.2,33.2,57.5,2021
Italy,138.6,58.7,55.6,66.8,73.1,9.5,34.2,53.9,91.5,2021
Hungary,134.0,49.8,65.2,51.6,42.7,11.6,35.8,47.8,79.5,2021
Poland,132.6,47.1,70.7,58.3,42.0,14.0,31.3,54.3,75.9,2021
South Africa,132.2,72.9,22.9,63.9,41.7,4.0,39.3,57.0,95.3,2021
Romania,131.7,45.2,71.7,56.1,38.5,10.7,34.1,58.4,77.7,2021
South Korea,130.0,76.6,73.1,82.3,81.2,23.6,39.9,61.8,68.4,2021
Greece,129.9,38.9,55.9,57.0,61.0,10.1,33.9,51.9,94.2,2021
Bulgaria,126.3,40.3,61.9,56.1,40.9,9.0,29.4,64.5,82.8,2021
Turkey,126.0,35.3,60.5,70.7,31.5,8.2,44.6,66.2,93.3,2021
Bosnia And Herzegovina,125.7,42.6,57.0,53.5,38.6,10.7,25.9,60.7,80.5,2021
Mexico,120.3,35.5,45.0,72.5,35.1,10.5,39.0,61.2,86.6,2021
Malaysia,116.9,56.1,42.1,69.6,39.5,9.9,37.0,62.6,59.1,2021
Serbia,116.2,35.8,61.7,51.6,39.2,17.1,31.1,61.2,83.2,2021
Argentina,110.5,34.6,36.7,68.6,37.9,22.7,43.2,50.7,98.3,2021
Ukraine,107.4,30.1,51.7,53.4,29.2,10.8,37.9,64.3,70.8,2021
Pakistan,105.1,27.3,56.1,60.5,21.6,12.6,37.8,73.4,73.6,2021
Brazil,104.7,28.7,32.2,57.3,31.8,16.1,41.7,54.5,92.4,2021
India,104.5,47.1,55.3,66.2,25.2,11.3,46.7,79.6,65.3,2021
China,103.1,57.5,69.8,66.4,42.5,29.0,40.9,81.5,80.2,2021
Russia,101.7,34.6,59.9,58.4,33.2,11.1,44.6,62.3,38.5,2021
Colombia,101.3,26.1,44.2,66.7,31.0,18.7,47.3,62.9,88.3,2021
Thailand,100.3,31.4,60.6,78.1,49.3,22.2,39.2,75.4,69.4,2021
Chile,99.9,33.3,47.9,63.7,49.3,17.6,35.6,79.0,90.2,2021
Hong Kong,99.3,62.4,78.3,66.3,79.9,45.2,42.3,67.3,83.6,2021
Indonesia,90.1,20.9,53.8,60.5,37.4,22.0,43.4,67.1,68.5,2021
Egypt,86.3,20.0,53.2,46.2,30.1,13.6,49.1,84.3,92.0,2021
Philippines,78.4,19.7,57.8,67.1,40.7,30.1,44.0,74.1,61.0,2021
Iran,64.7,19.0,50.8,52.2,41.3,34.2,47.4,76.1,71.0,2021
